folds:,0,1,2,3,4,5,6,7,8,9,10,11,12,13,14,15,16,17,18,19,20,21,22,23,24,25,26,27,28,29
Adiac,0.8107416879795396,0.7877237851662404,0.7774936061381074,0.7672634271099744,0.8081841432225064,0.7902813299232737,0.782608695652174,0.7774936061381074,0.7851662404092071,0.8005115089514067,0.782608695652174,0.8184143222506394,0.7595907928388747,0.7851662404092071,0.8056265984654731,0.80306905370844,0.7851662404092071,0.7902813299232737,0.7877237851662404,0.8132992327365729,0.7953964194373402,0.7877237851662404,0.8209718670076727,0.8107416879795396,0.7774936061381074,0.80306905370844,0.7902813299232737,0.8158567774936062,0.8184143222506394,0.7953964194373402
ArrowHead,0.8742857142857143,0.8742857142857143,0.8914285714285715,0.9085714285714286,0.9314285714285714,0.9085714285714286,0.9085714285714286,0.8857142857142857,0.9028571428571428,0.92,0.8628571428571429,0.9028571428571428,0.7828571428571428,0.8914285714285715,0.9142857142857143,0.9314285714285714,0.8,0.8971428571428571,0.8742857142857143,0.8685714285714285,0.9542857142857143,0.8857142857142857,0.8457142857142858,0.88,0.9257142857142857,0.9142857142857143,0.9428571428571428,0.8685714285714285,0.9257142857142857,0.9085714285714286
Beef,0.8333333333333334,0.8333333333333334,0.7,0.7,0.9,0.6,0.8333333333333334,0.8,0.9,0.8,0.7333333333333333,0.7333333333333333,0.9333333333333333,0.5333333333333333,0.9666666666666667,0.7666666666666667,0.7,0.8,0.5666666666666667,0.9,0.6333333333333333,0.8,0.8666666666666667,0.7333333333333333,0.7,0.6,0.7333333333333333,0.8666666666666667,0.7333333333333333,0.7666666666666667
BeetleFly,0.95,0.9,0.85,0.95,0.9,0.9,1.0,0.95,0.85,0.9,1.0,1.0,0.8,0.8,0.8,0.95,0.9,0.9,1.0,0.9,0.9,1.0,0.9,0.95,0.85,1.0,0.9,0.8,0.85,1.0
BirdChicken,0.9,1.0,0.85,0.95,1.0,1.0,0.9,0.85,0.9,0.9,0.9,0.95,1.0,0.9,0.9,1.0,1.0,1.0,0.95,1.0,0.95,1.0,1.0,0.95,0.9,1.0,1.0,0.9,0.95,0.9
Car,0.9,0.9,0.9333333333333333,0.9333333333333333,0.85,0.9,0.8833333333333333,0.9666666666666667,0.8833333333333333,0.9166666666666666,0.9,0.95,0.9166666666666666,0.9333333333333333,0.9166666666666666,0.8166666666666667,0.9333333333333333,0.9166666666666666,0.9,0.95,0.8833333333333333,0.9166666666666666,0.9666666666666667,0.8833333333333333,0.95,0.9,0.9333333333333333,0.9333333333333333,0.9,0.8833333333333333
CBF,1.0,1.0,0.9877777777777778,0.9988888888888889,1.0,0.99,0.9988888888888889,1.0,0.9977777777777778,1.0,0.9966666666666667,0.98,1.0,1.0,0.9977777777777778,1.0,0.9988888888888889,0.9988888888888889,0.9988888888888889,1.0,0.9677777777777777,0.9988888888888889,1.0,1.0,0.9988888888888889,0.9955555555555555,1.0,0.9955555555555555,1.0,0.9933333333333333
ChlorineConcentration,0.7622395833333333,0.78203125,0.7901041666666667,0.7692708333333333,0.7760416666666666,0.775,0.7729166666666667,0.7708333333333334,0.7473958333333334,0.7434895833333334,0.7794270833333333,0.74453125,0.7893229166666667,0.7783854166666667,0.7669270833333334,0.7640625,0.7380208333333333,0.7674479166666667,0.7520833333333333,0.75234375,0.7700520833333333,0.74765625,0.7765625,0.76015625,0.7598958333333333,0.7541666666666667,0.73984375,0.75703125,0.7611979166666667,0.7393229166666667
CinCECGTorso,1.0,0.994927536231884,0.9978260869565218,1.0,0.9956521739130435,0.9985507246376811,0.9985507246376811,0.9992753623188406,0.9978260869565218,0.9963768115942029,0.9934782608695653,0.994927536231884,0.9963768115942029,0.9898550724637681,0.9869565217391304,0.9985507246376811,0.9985507246376811,0.9905797101449275,0.9992753623188406,0.9992753623188406,1.0,0.9971014492753624,0.9963768115942029,0.9978260869565218,0.9992753623188406,0.9992753623188406,0.9992753623188406,1.0,0.9942028985507246,0.9992753623188406
Coffee,1.0,1.0,1.0,1.0,1.0,1.0,1.0,1.0,1.0,1.0,1.0,1.0,1.0,1.0,1.0,1.0,1.0,1.0,1.0,1.0,1.0,1.0,1.0,1.0,1.0,1.0,1.0,1.0,1.0,1.0
Computers,0.76,0.86,0.864,0.844,0.856,0.868,0.86,0.828,0.868,0.836,0.864,0.864,0.864,0.896,0.844,0.828,0.864,0.904,0.848,0.86,0.892,0.876,0.836,0.824,0.868,0.844,0.848,0.888,0.852,0.86
CricketX,0.8282051282051283,0.8435897435897436,0.8435897435897436,0.823076923076923,0.8487179487179487,0.8307692307692308,0.8282051282051283,0.841025641025641,0.8538461538461538,0.8282051282051283,0.8384615384615385,0.8641025641025641,0.8641025641025641,0.841025641025641,0.8333333333333334,0.8641025641025641,0.8641025641025641,0.8538461538461538,0.8,0.8666666666666667,0.8076923076923077,0.8282051282051283,0.8333333333333334,0.8538461538461538,0.8153846153846154,0.8512820512820513,0.8461538461538461,0.8358974358974359,0.841025641025641,0.8358974358974359
CricketY,0.8512820512820513,0.8307692307692308,0.823076923076923,0.8435897435897436,0.8256410256410256,0.8461538461538461,0.8282051282051283,0.8487179487179487,0.8461538461538461,0.8538461538461538,0.8666666666666667,0.8743589743589744,0.8461538461538461,0.8615384615384616,0.8641025641025641,0.8102564102564103,0.882051282051282,0.8717948717948718,0.841025641025641,0.8461538461538461,0.8564102564102564,0.8538461538461538,0.8769230769230769,0.8487179487179487,0.8307692307692308,0.8589743589743589,0.8461538461538461,0.8512820512820513,0.8666666666666667,0.8461538461538461
CricketZ,0.8641025641025641,0.8435897435897436,0.8743589743589744,0.8538461538461538,0.8769230769230769,0.8692307692307693,0.8769230769230769,0.8615384615384616,0.8743589743589744,0.8512820512820513,0.8435897435897436,0.8538461538461538,0.8384615384615385,0.8692307692307693,0.8461538461538461,0.8333333333333334,0.8435897435897436,0.8743589743589744,0.8538461538461538,0.8769230769230769,0.8794871794871795,0.8538461538461538,0.8564102564102564,0.8461538461538461,0.8641025641025641,0.8564102564102564,0.8717948717948718,0.8256410256410256,0.8358974358974359,0.8641025641025641
DiatomSizeReduction,0.9705882352941176,0.9444444444444444,0.9019607843137255,0.9150326797385621,0.9509803921568627,0.9803921568627451,0.9509803921568627,0.9477124183006536,0.9738562091503268,0.9738562091503268,0.8888888888888888,0.9379084967320261,0.9803921568627451,0.9281045751633987,0.9477124183006536,0.8888888888888888,0.9281045751633987,0.9575163398692811,0.9803921568627451,0.8986928104575164,0.9607843137254902,0.9444444444444444,0.954248366013072,0.9738562091503268,0.8921568627450981,0.9803921568627451,0.9444444444444444,0.9705882352941176,0.9705882352941176,0.9673202614379085
DistalPhalanxOutlineAgeGroup,0.762589928057554,0.8273381294964028,0.8201438848920863,0.8848920863309353,0.7553956834532374,0.7482014388489209,0.841726618705036,0.8201438848920863,0.7553956834532374,0.7913669064748201,0.7913669064748201,0.8345323741007195,0.8273381294964028,0.7697841726618705,0.841726618705036,0.8273381294964028,0.7841726618705036,0.8273381294964028,0.8057553956834532,0.7985611510791367,0.7697841726618705,0.8273381294964028,0.7985611510791367,0.8201438848920863,0.8129496402877698,0.8345323741007195,0.8057553956834532,0.8489208633093526,0.8561151079136691,0.841726618705036
DistalPhalanxOutlineCorrect,0.7753623188405797,0.8188405797101449,0.8514492753623188,0.8043478260869565,0.8188405797101449,0.855072463768116,0.822463768115942,0.8079710144927537,0.822463768115942,0.8333333333333334,0.8442028985507246,0.8478260869565217,0.8623188405797102,0.8586956521739131,0.855072463768116,0.8405797101449275,0.8333333333333334,0.7862318840579711,0.8333333333333334,0.8333333333333334,0.822463768115942,0.8333333333333334,0.8007246376811594,0.8297101449275363,0.8405797101449275,0.822463768115942,0.8043478260869565,0.8188405797101449,0.8115942028985508,0.8369565217391305
DistalPhalanxTW,0.7266187050359713,0.6906474820143885,0.7266187050359713,0.7338129496402878,0.7338129496402878,0.6834532374100719,0.7050359712230215,0.7266187050359713,0.7194244604316546,0.7050359712230215,0.6762589928057554,0.7050359712230215,0.6258992805755396,0.6690647482014388,0.7266187050359713,0.7338129496402878,0.697841726618705,0.7122302158273381,0.7050359712230215,0.7266187050359713,0.7122302158273381,0.7194244604316546,0.6906474820143885,0.7050359712230215,0.7194244604316546,0.697841726618705,0.7266187050359713,0.7122302158273381,0.6834532374100719,0.7266187050359713
Earthquakes,0.7482014388489209,0.7482014388489209,0.7482014388489209,0.7482014388489209,0.7482014388489209,0.7482014388489209,0.7482014388489209,0.7482014388489209,0.7482014388489209,0.7410071942446043,0.7482014388489209,0.7482014388489209,0.7482014388489209,0.7482014388489209,0.7482014388489209,0.7482014388489209,0.7482014388489209,0.7410071942446043,0.7482014388489209,0.7482014388489209,0.7410071942446043,0.7482014388489209,0.7482014388489209,0.7482014388489209,0.7482014388489209,0.7482014388489209,0.7482014388489209,0.7410071942446043,0.7482014388489209,0.7482014388489209
ECG200,0.87,0.88,0.92,0.87,0.9,0.91,0.88,0.9,0.91,0.9,0.89,0.88,0.89,0.91,0.9,0.88,0.87,0.87,0.9,0.85,0.85,0.85,0.85,0.92,0.92,0.91,0.83,0.91,0.87,0.91
ECG5000,0.9471111111111111,0.9488888888888889,0.95,0.9511111111111111,0.9462222222222222,0.9504444444444444,0.9477777777777778,0.9444444444444444,0.9491111111111111,0.946,0.9486666666666667,0.9448888888888889,0.9522222222222222,0.9502222222222222,0.9495555555555556,0.9495555555555556,0.9477777777777778,0.9513333333333334,0.9462222222222222,0.9511111111111111,0.9506666666666667,0.9497777777777778,0.9451111111111111,0.948,0.9482222222222222,0.9482222222222222,0.9473333333333334,0.946,0.9482222222222222,0.9484444444444444
ECGFiveDays,1.0,1.0,1.0,0.9953542392566783,0.9941927990708479,0.9953542392566783,0.9965156794425087,1.0,1.0,1.0,1.0,1.0,0.9512195121951219,0.9907084785133565,0.9988385598141696,1.0,1.0,0.9988385598141696,1.0,0.9988385598141696,1.0,0.9965156794425087,1.0,1.0,1.0,0.9988385598141696,1.0,0.9965156794425087,1.0,0.9988385598141696
ElectricDevices,0.7545065490857217,0.9037738295940864,0.8996239138892491,0.9016988717416677,0.9036441447283102,0.9005317079496823,0.9020879263389963,0.9020879263389963,0.8980676954999351,0.9006613928154584,0.9098690182855661,0.9005317079496823,0.904292569057191,0.9064972117753858,0.9049409933860718,0.9072753209700428,0.9059784723122811,0.9031254052652056,0.9049409933860718,0.9044222539229672,0.9014395020101155,0.9029957203994294,0.9037738295940864,0.9070159512384904,0.9035144598625341,0.9044222539229672,0.9052003631176242,0.9055894177149527,0.9107768123459993,0.9077940604331475
FaceAll,0.8781065088757396,0.9940828402366864,0.993491124260355,0.991715976331361,0.991715976331361,0.98698224852071,0.9905325443786982,0.9881656804733728,0.9923076923076923,0.9899408284023669,0.991715976331361,0.9952662721893492,0.9928994082840237,0.991715976331361,0.9905325443786982,0.9905325443786982,0.98698224852071,0.9887573964497042,0.991715976331361,0.9905325443786982,0.9923076923076923,0.9887573964497042,0.9887573964497042,0.9875739644970414,0.9940828402366864,0.9923076923076923,0.9875739644970414,0.9928994082840237,0.991715976331361,0.9893491124260355
FaceFour,0.9772727272727273,0.9772727272727273,0.9886363636363636,0.9318181818181818,1.0,0.9545454545454546,0.9318181818181818,0.9772727272727273,0.9431818181818182,0.9545454545454546,0.9772727272727273,0.9886363636363636,0.9886363636363636,0.9772727272727273,0.9772727272727273,0.9886363636363636,0.9431818181818182,0.9659090909090909,0.9659090909090909,1.0,0.9204545454545454,0.9772727272727273,0.9659090909090909,0.9886363636363636,0.9886363636363636,0.9886363636363636,1.0,1.0,1.0,0.9772727272727273
FacesUCR,0.9648780487804878,0.9702439024390244,0.9760975609756097,0.973170731707317,0.9697560975609756,0.9785365853658536,0.9839024390243902,0.9726829268292683,0.9824390243902439,0.9746341463414634,0.9824390243902439,0.9751219512195122,0.9765853658536585,0.9736585365853658,0.964390243902439,0.9741463414634146,0.9736585365853658,0.9609756097560975,0.9829268292682927,0.9839024390243902,0.975609756097561,0.9707317073170731,0.9736585365853658,0.9760975609756097,0.9726829268292683,0.9707317073170731,0.98,0.9824390243902439,0.9819512195121951,0.973170731707317
FiftyWords,0.832967032967033,0.8197802197802198,0.832967032967033,0.8065934065934066,0.8241758241758241,0.8087912087912088,0.8263736263736263,0.843956043956044,0.8241758241758241,0.8263736263736263,0.8351648351648352,0.8373626373626374,0.8131868131868132,0.8395604395604396,0.810989010989011,0.8197802197802198,0.8241758241758241,0.8153846153846154,0.8219780219780219,0.8219780219780219,0.8263736263736263,0.8285714285714286,0.8131868131868132,0.8417582417582418,0.8307692307692308,0.8307692307692308,0.8065934065934066,0.8549450549450549,0.8285714285714286,0.8285714285714286
Fish,0.9942857142857143,0.9828571428571429,1.0,0.9885714285714285,0.9942857142857143,0.9828571428571429,0.9771428571428571,0.9771428571428571,0.9771428571428571,0.9885714285714285,0.9771428571428571,0.9771428571428571,0.9771428571428571,0.9885714285714285,0.9885714285714285,0.9771428571428571,0.9714285714285714,0.9771428571428571,0.9828571428571429,0.9828571428571429,0.9828571428571429,0.9828571428571429,0.9885714285714285,0.9942857142857143,0.9828571428571429,0.9942857142857143,0.9942857142857143,0.9828571428571429,0.9942857142857143,0.9771428571428571
FordA,0.9515151515151515,0.943939393939394,0.9522727272727273,0.9583333333333334,0.9446969696969697,0.9522727272727273,0.9477272727272728,0.9507575757575758,0.9507575757575758,0.9613636363636363,0.9590909090909091,0.9568181818181818,0.9568181818181818,0.95,0.953030303030303,0.9553030303030303,0.9477272727272728,0.9553030303030303,0.953030303030303,0.9583333333333334,0.9545454545454546,0.9598484848484848,0.9545454545454546,0.956060606060606,0.953030303030303,0.9545454545454546,0.9545454545454546,0.9537878787878787,0.9568181818181818,0.9545454545454546
FordB,0.8308641975308642,0.9246913580246914,0.9407407407407408,0.9419753086419753,0.9345679012345679,0.937037037037037,0.9345679012345679,0.9481481481481482,0.9271604938271605,0.945679012345679,0.9308641975308642,0.9506172839506173,0.9320987654320988,0.928395061728395,0.9382716049382716,0.9419753086419753,0.9419753086419753,0.9271604938271605,0.9382716049382716,0.9432098765432099,0.9271604938271605,0.9382716049382716,0.928395061728395,0.9382716049382716,0.9469135802469136,0.9407407407407408,0.9382716049382716,0.9469135802469136,0.9432098765432099,0.9296296296296296
GunPoint,1.0,1.0,1.0,1.0,1.0,0.9933333333333333,1.0,1.0,1.0,1.0,1.0,1.0,1.0,0.9933333333333333,1.0,1.0,0.9933333333333333,1.0,1.0,1.0,1.0,1.0,1.0,1.0,1.0,1.0,1.0,1.0,0.9933333333333333,1.0
Ham,0.7238095238095238,0.8571428571428571,0.8380952380952381,0.8380952380952381,0.8476190476190476,0.9142857142857143,0.8857142857142857,0.8761904761904762,0.8761904761904762,0.8761904761904762,0.8571428571428571,0.819047619047619,0.9047619047619048,0.9142857142857143,0.8857142857142857,0.8952380952380953,0.8380952380952381,0.8761904761904762,0.8476190476190476,0.8476190476190476,0.8761904761904762,0.8761904761904762,0.8666666666666667,0.8571428571428571,0.8571428571428571,0.9047619047619048,0.8285714285714286,0.9047619047619048,0.8761904761904762,0.7714285714285715
HandOutlines,0.9432432432432433,0.9351351351351351,0.9297297297297298,0.9432432432432433,0.9216216216216216,0.9459459459459459,0.9351351351351351,0.9567567567567568,0.9324324324324325,0.9297297297297298,0.9162162162162162,0.9351351351351351,0.9297297297297298,0.9351351351351351,0.9351351351351351,0.9297297297297298,0.9486486486486486,0.918918918918919,0.927027027027027,0.9297297297297298,0.9432432432432433,0.9459459459459459,0.9027027027027027,0.927027027027027,0.9324324324324325,0.9324324324324325,0.9351351351351351,0.9108108108108108,0.9297297297297298,0.9486486486486486
Haptics,0.5584415584415584,0.6006493506493507,0.5584415584415584,0.551948051948052,0.577922077922078,0.5422077922077922,0.5,0.5584415584415584,0.5746753246753247,0.5422077922077922,0.577922077922078,0.5746753246753247,0.5811688311688312,0.5162337662337663,0.5909090909090909,0.6006493506493507,0.5227272727272727,0.5681818181818182,0.5194805194805194,0.5974025974025974,0.5746753246753247,0.5227272727272727,0.5097402597402597,0.5681818181818182,0.5584415584415584,0.5714285714285714,0.5454545454545454,0.5909090909090909,0.5681818181818182,0.5292207792207793
Herring,0.640625,0.609375,0.59375,0.625,0.6875,0.640625,0.65625,0.578125,0.640625,0.65625,0.640625,0.65625,0.625,0.65625,0.59375,0.640625,0.65625,0.65625,0.53125,0.703125,0.6875,0.53125,0.640625,0.5625,0.671875,0.671875,0.65625,0.59375,0.625,0.640625
InlineSkate,0.52,0.49454545454545457,0.58,0.5290909090909091,0.49272727272727274,0.4709090909090909,0.5454545454545454,0.49454545454545457,0.6018181818181818,0.6036363636363636,0.54,0.5418181818181819,0.5145454545454545,0.5527272727272727,0.47454545454545455,0.54,0.54,0.5309090909090909,0.4890909090909091,0.5018181818181818,0.5018181818181818,0.49818181818181817,0.4818181818181818,0.5636363636363636,0.52,0.5563636363636364,0.5327272727272727,0.5890909090909091,0.5727272727272728,0.5563636363636364
InsectWingbeatSound,0.6611111111111111,0.6656565656565656,0.6540404040404041,0.6752525252525252,0.6777777777777778,0.6808080808080809,0.65,0.6595959595959596,0.6712121212121213,0.6585858585858586,0.6585858585858586,0.651010101010101,0.6717171717171717,0.6803030303030303,0.6691919191919192,0.6661616161616162,0.6540404040404041,0.6444444444444445,0.651010101010101,0.6606060606060606,0.646969696969697,0.6641414141414141,0.6545454545454545,0.6782828282828283,0.6676767676767676,0.6606060606060606,0.646969696969697,0.6651515151515152,0.6611111111111111,0.6702020202020202
ItalyPowerDemand,0.9698736637512148,0.9436345966958212,0.9552964042759962,0.966958211856171,0.9650145772594753,0.9689018464528668,0.9640427599611273,0.9737609329446064,0.9426627793974732,0.9650145772594753,0.9630709426627794,0.9582118561710399,0.9650145772594753,0.9640427599611273,0.9514091350826045,0.9659863945578231,0.956268221574344,0.9582118561710399,0.9659863945578231,0.9659863945578231,0.967930029154519,0.966958211856171,0.9601554907677357,0.9640427599611273,0.9630709426627794,0.9659863945578231,0.9659863945578231,0.967930029154519,0.9533527696793003,0.9650145772594753
LargeKitchenAppliances,0.9173333333333333,0.9306666666666666,0.952,0.9093333333333333,0.9413333333333334,0.9093333333333333,0.9386666666666666,0.944,0.928,0.928,0.9306666666666666,0.9386666666666666,0.9466666666666667,0.944,0.952,0.936,0.9386666666666666,0.9333333333333333,0.9333333333333333,0.944,0.9493333333333334,0.9546666666666667,0.936,0.9466666666666667,0.9466666666666667,0.9306666666666666,0.9466666666666667,0.9493333333333334,0.9306666666666666,0.9546666666666667
Lightning2,0.7704918032786885,0.8852459016393442,0.7540983606557377,0.7704918032786885,0.7213114754098361,0.7704918032786885,0.7377049180327869,0.7377049180327869,0.7049180327868853,0.7704918032786885,0.8032786885245902,0.7704918032786885,0.7868852459016393,0.8032786885245902,0.7704918032786885,0.7868852459016393,0.8360655737704918,0.8688524590163934,0.7213114754098361,0.7540983606557377,0.8524590163934426,0.7868852459016393,0.7049180327868853,0.7868852459016393,0.7868852459016393,0.7540983606557377,0.7868852459016393,0.7868852459016393,0.7049180327868853,0.7540983606557377
Lightning7,0.8082191780821918,0.8082191780821918,0.7123287671232876,0.7808219178082192,0.7945205479452054,0.821917808219178,0.7671232876712328,0.7671232876712328,0.821917808219178,0.7945205479452054,0.7534246575342466,0.8082191780821918,0.7534246575342466,0.7671232876712328,0.7397260273972602,0.7945205479452054,0.821917808219178,0.8082191780821918,0.8493150684931506,0.726027397260274,0.7534246575342466,0.7397260273972602,0.9041095890410958,0.8356164383561644,0.7945205479452054,0.7671232876712328,0.8356164383561644,0.7808219178082192,0.821917808219178,0.821917808219178
Mallat,0.9688699360341151,0.9667377398720682,0.9658848614072495,0.9761194029850746,0.9837953091684435,0.9761194029850746,0.9778251599147122,0.9884861407249467,0.9773987206823028,0.9867803837953092,0.979957356076759,0.9663113006396589,0.979957356076759,0.967590618336887,0.9722814498933902,0.9773987206823028,0.9722814498933902,0.9786780383795309,0.9594882729211087,0.9833688699360341,0.9880597014925373,0.988912579957356,0.9684434968017057,0.9829424307036247,0.9560767590618336,0.985501066098081,0.9808102345415778,0.9556503198294243,0.982089552238806,0.985501066098081
Meat,0.9333333333333333,0.9833333333333333,1.0,0.9666666666666667,1.0,1.0,1.0,1.0,0.9666666666666667,1.0,1.0,1.0,1.0,0.9666666666666667,1.0,0.9666666666666667,1.0,1.0,1.0,1.0,1.0,1.0,0.9833333333333333,0.9666666666666667,1.0,0.9666666666666667,0.9666666666666667,1.0,1.0,1.0
MedicalImages,0.8026315789473685,0.8039473684210526,0.8302631578947368,0.8118421052631579,0.8105263157894737,0.8184210526315789,0.8,0.8078947368421052,0.7894736842105263,0.8078947368421052,0.8328947368421052,0.8144736842105263,0.7921052631578948,0.7921052631578948,0.8118421052631579,0.7986842105263158,0.7868421052631579,0.8171052631578948,0.8,0.8171052631578948,0.8157894736842105,0.8,0.8157894736842105,0.8157894736842105,0.8092105263157895,0.825,0.8118421052631579,0.8263157894736842,0.8157894736842105,0.8223684210526315
MiddlePhalanxOutlineAgeGroup,0.5584415584415584,0.6818181818181818,0.7272727272727273,0.6818181818181818,0.6818181818181818,0.6493506493506493,0.7012987012987013,0.6818181818181818,0.6883116883116883,0.6038961038961039,0.6883116883116883,0.6558441558441559,0.7272727272727273,0.6753246753246753,0.7272727272727273,0.6883116883116883,0.6363636363636364,0.6688311688311688,0.6818181818181818,0.6753246753246753,0.7012987012987013,0.6688311688311688,0.7077922077922078,0.6558441558441559,0.6558441558441559,0.7077922077922078,0.6558441558441559,0.7142857142857143,0.7272727272727273,0.6688311688311688
MiddlePhalanxOutlineCorrect,0.8419243986254296,0.8041237113402062,0.8556701030927835,0.8419243986254296,0.8419243986254296,0.8419243986254296,0.8350515463917526,0.8281786941580757,0.8487972508591065,0.8178694158075601,0.8281786941580757,0.8350515463917526,0.8384879725085911,0.852233676975945,0.8384879725085911,0.8109965635738832,0.8556701030927835,0.8350515463917526,0.8041237113402062,0.8487972508591065,0.8213058419243986,0.872852233676976,0.8316151202749141,0.8213058419243986,0.8178694158075601,0.8316151202749141,0.8350515463917526,0.8384879725085911,0.8109965635738832,0.8213058419243986
MiddlePhalanxTW,0.577922077922078,0.5909090909090909,0.5454545454545454,0.5974025974025974,0.5584415584415584,0.6168831168831169,0.5974025974025974,0.551948051948052,0.551948051948052,0.564935064935065,0.564935064935065,0.5584415584415584,0.5844155844155844,0.5064935064935064,0.5714285714285714,0.538961038961039,0.5584415584415584,0.5909090909090909,0.5064935064935064,0.6038961038961039,0.5714285714285714,0.5909090909090909,0.5454545454545454,0.577922077922078,0.5974025974025974,0.5714285714285714,0.5844155844155844,0.6038961038961039,0.577922077922078,0.551948051948052
MoteStrain,0.9680511182108626,0.9313099041533547,0.9560702875399361,0.8801916932907349,0.9337060702875399,0.854632587859425,0.9273162939297125,0.950479233226837,0.9137380191693291,0.9560702875399361,0.9273162939297125,0.9592651757188498,0.8666134185303515,0.9281150159744409,0.9480830670926518,0.9384984025559105,0.8881789137380192,0.9049520766773163,0.8746006389776357,0.9528753993610224,0.9345047923322684,0.9193290734824281,0.9464856230031949,0.9313099041533547,0.9456869009584664,0.9568690095846646,0.9736421725239617,0.920926517571885,0.9193290734824281,0.950479233226837
NonInvasiveFetalECGThorax1,0.9465648854961832,0.9567430025445293,0.9491094147582697,0.9608142493638677,0.9511450381679389,0.95470737913486,0.9603053435114504,0.9572519083969465,0.9552162849872774,0.944529262086514,0.9486005089058525,0.9511450381679389,0.9557251908396946,0.9587786259541985,0.9567430025445293,0.9541984732824428,0.95470737913486,0.9531806615776082,0.9501272264631043,0.9526717557251908,0.9557251908396946,0.961323155216285,0.9521628498727736,0.9587786259541985,0.9531806615776082,0.956234096692112,0.9501272264631043,0.956234096692112,0.9521628498727736,0.9577608142493639
NonInvasiveFetalECGThorax2,0.9648854961832061,0.9592875318066157,0.9648854961832061,0.9653944020356234,0.966412213740458,0.9659033078880407,0.966412213740458,0.9684478371501273,0.9643765903307888,0.9552162849872774,0.9638676844783715,0.9597964376590331,0.9592875318066157,0.966412213740458,0.9623409669211196,0.9603053435114504,0.9679389312977099,0.9648854961832061,0.9648854961832061,0.9633587786259542,0.961323155216285,0.9694656488549618,0.9633587786259542,0.9679389312977099,0.961323155216285,0.9628498727735368,0.9628498727735368,0.9674300254452927,0.9659033078880407,0.9648854961832061
OliveOil,0.8666666666666667,0.9,0.8666666666666667,0.9666666666666667,0.8666666666666667,0.8666666666666667,0.9666666666666667,0.8666666666666667,0.9,0.9,0.8666666666666667,0.8666666666666667,0.9,0.9666666666666667,0.9666666666666667,0.8666666666666667,0.9333333333333333,0.8333333333333334,0.9,0.9333333333333333,0.9333333333333333,0.8666666666666667,0.8333333333333334,0.8666666666666667,0.9333333333333333,0.8666666666666667,0.8666666666666667,0.8333333333333334,0.8666666666666667,1.0
OSULeaf,0.9669421487603306,0.9834710743801653,0.9752066115702479,0.9752066115702479,0.9710743801652892,0.9752066115702479,0.9545454545454546,0.9669421487603306,0.9628099173553719,0.9669421487603306,0.9586776859504132,0.9545454545454546,0.9752066115702479,0.9669421487603306,0.9669421487603306,0.9710743801652892,0.9545454545454546,0.9504132231404959,0.9710743801652892,0.9545454545454546,0.9793388429752066,0.9586776859504132,0.9586776859504132,0.9752066115702479,0.9710743801652892,0.9669421487603306,0.9752066115702479,0.9710743801652892,0.9752066115702479,0.9669421487603306
PhalangesOutlinesCorrect,0.8344988344988346,0.8508158508158508,0.8473193473193473,0.8531468531468531,0.8333333333333334,0.8531468531468531,0.8473193473193473,0.8344988344988346,0.8414918414918415,0.8589743589743589,0.8391608391608392,0.824009324009324,0.8624708624708625,0.8473193473193473,0.8461538461538461,0.8531468531468531,0.8391608391608392,0.8403263403263403,0.8414918414918415,0.8414918414918415,0.8438228438228438,0.8414918414918415,0.8368298368298368,0.844988344988345,0.8321678321678322,0.8496503496503497,0.8391608391608392,0.8484848484848485,0.8403263403263403,0.844988344988345
Phoneme,0.37763713080168776,0.4293248945147679,0.40189873417721517,0.36445147679324896,0.3829113924050633,0.415084388185654,0.40717299578059074,0.39029535864978904,0.3860759493670886,0.40822784810126583,0.4177215189873418,0.38976793248945146,0.39345991561181437,0.40770042194092826,0.41350210970464135,0.4129746835443038,0.42035864978902954,0.3939873417721519,0.410337552742616,0.4061181434599156,0.3866033755274262,0.4282700421940928,0.40875527426160335,0.4055907172995781,0.4045358649789029,0.40348101265822783,0.42352320675105487,0.41824894514767935,0.4050632911392405,0.41983122362869196
Plane,1.0,1.0,1.0,1.0,1.0,1.0,1.0,1.0,1.0,1.0,1.0,1.0,1.0,1.0,1.0,1.0,1.0,1.0,1.0,1.0,1.0,1.0,1.0,1.0,1.0,1.0,1.0,1.0,1.0,1.0
ProximalPhalanxOutlineAgeGroup,0.8536585365853658,0.8585365853658536,0.8146341463414634,0.848780487804878,0.8634146341463415,0.8536585365853658,0.8780487804878049,0.8146341463414634,0.848780487804878,0.8341463414634146,0.8780487804878049,0.8682926829268293,0.8634146341463415,0.8390243902439024,0.8634146341463415,0.8390243902439024,0.8731707317073171,0.8292682926829268,0.8536585365853658,0.8878048780487805,0.8780487804878049,0.8536585365853658,0.8829268292682927,0.8341463414634146,0.8829268292682927,0.8634146341463415,0.8195121951219512,0.8634146341463415,0.8390243902439024,0.8731707317073171
ProximalPhalanxOutlineCorrect,0.9003436426116839,0.8865979381443299,0.8969072164948454,0.8934707903780069,0.8900343642611683,0.9003436426116839,0.852233676975945,0.8900343642611683,0.8900343642611683,0.9106529209621993,0.9003436426116839,0.9003436426116839,0.8969072164948454,0.8969072164948454,0.8865979381443299,0.8900343642611683,0.8797250859106529,0.9037800687285223,0.9003436426116839,0.8831615120274914,0.9140893470790378,0.8865979381443299,0.8831615120274914,0.8831615120274914,0.9072164948453608,0.872852233676976,0.8969072164948454,0.8934707903780069,0.8934707903780069,0.8831615120274914
ProximalPhalanxTW,0.824390243902439,0.8536585365853658,0.7902439024390244,0.8390243902439024,0.7951219512195122,0.8097560975609757,0.7951219512195122,0.8390243902439024,0.7951219512195122,0.8195121951219512,0.8048780487804879,0.8,0.8341463414634146,0.8097560975609757,0.8097560975609757,0.824390243902439,0.8195121951219512,0.8,0.8390243902439024,0.8146341463414634,0.8146341463414634,0.8097560975609757,0.8097560975609757,0.7902439024390244,0.7560975609756098,0.8195121951219512,0.7902439024390244,0.8292682926829268,0.8048780487804879,0.8048780487804879
RefrigerationDevices,0.5573333333333333,0.8053333333333333,0.8533333333333334,0.8133333333333334,0.7786666666666666,0.7946666666666666,0.8346666666666667,0.8293333333333334,0.8186666666666667,0.8453333333333334,0.8453333333333334,0.84,0.816,0.8186666666666667,0.8586666666666667,0.8853333333333333,0.848,0.8373333333333334,0.8266666666666667,0.7866666666666666,0.888,0.8613333333333333,0.8106666666666666,0.8266666666666667,0.9013333333333333,0.8506666666666667,0.8533333333333334,0.864,0.808,0.8533333333333334
ScreenType,0.5706666666666667,0.7733333333333333,0.7226666666666667,0.8106666666666666,0.7066666666666667,0.736,0.752,0.6906666666666667,0.7333333333333333,0.7733333333333333,0.7573333333333333,0.7733333333333333,0.768,0.7146666666666667,0.776,0.7333333333333333,0.76,0.7626666666666667,0.712,0.7706666666666667,0.752,0.736,0.7493333333333333,0.76,0.7733333333333333,0.7573333333333333,0.7333333333333333,0.744,0.7493333333333333,0.7306666666666667
ShapeletSim,1.0,1.0,1.0,1.0,1.0,1.0,1.0,1.0,1.0,1.0,1.0,1.0,1.0,1.0,1.0,1.0,1.0,1.0,1.0,1.0,1.0,1.0,1.0,1.0,1.0,1.0,1.0,1.0,1.0,1.0
ShapesAll,0.92,0.92,0.9333333333333333,0.94,0.9466666666666667,0.945,0.9133333333333333,0.9433333333333334,0.935,0.92,0.9233333333333333,0.92,0.95,0.9316666666666666,0.9166666666666666,0.945,0.9433333333333334,0.9183333333333333,0.945,0.9333333333333333,0.945,0.92,0.9233333333333333,0.9266666666666666,0.9283333333333333,0.945,0.9266666666666666,0.9533333333333334,0.9266666666666666,0.93
SmallKitchenAppliances,0.8453333333333334,0.8346666666666667,0.856,0.8506666666666667,0.8426666666666667,0.8666666666666667,0.8666666666666667,0.8453333333333334,0.84,0.8506666666666667,0.8773333333333333,0.8773333333333333,0.8666666666666667,0.848,0.848,0.8426666666666667,0.8373333333333334,0.8293333333333334,0.832,0.8133333333333334,0.8266666666666667,0.8426666666666667,0.84,0.864,0.856,0.8426666666666667,0.8613333333333333,0.8533333333333334,0.84,0.864
SonyAIBORobotSurface1,0.9034941763727121,0.9168053244592346,0.9584026622296173,0.9101497504159733,0.9667221297836939,0.9500831946755408,0.9584026622296173,0.9484193011647255,0.9517470881863561,0.9517470881863561,0.940099833610649,0.9550748752079867,0.9484193011647255,0.9700499168053245,0.9650582362728786,0.9667221297836939,0.978369384359401,0.9484193011647255,0.9534109816971714,0.9334442595673876,0.9683860232945092,0.9650582362728786,0.9683860232945092,0.9667221297836939,0.9434276206322796,0.9584026622296173,0.9667221297836939,0.9584026622296173,0.9584026622296173,0.9434276206322796
SonyAIBORobotSurface2,0.9171038824763903,0.9328436516264428,0.9485834207764953,0.9622245540398741,0.9559286463798531,0.9674711437565582,0.9412381951731374,0.9475341028331584,0.9496327387198321,0.9611752360965372,0.9580272822665268,0.9569779643231899,0.9569779643231899,0.9569779643231899,0.9275970619097587,0.9706190975865687,0.9569779643231899,0.9338929695697796,0.8961175236096537,0.9359916054564533,0.8530954879328436,0.974816369359916,0.9464847848898216,0.919202518363064,0.9769150052465897,0.9527806925498427,0.9643231899265478,0.9548793284365162,0.9171038824763903,0.9632738719832109
Strawberry,0.9783783783783784,0.972972972972973,0.981081081081081,0.981081081081081,0.9675675675675676,0.9864864864864865,0.9837837837837838,0.9621621621621622,0.9918918918918919,0.9783783783783784,0.981081081081081,0.9621621621621622,0.9837837837837838,0.9837837837837838,0.972972972972973,0.9918918918918919,0.9675675675675676,0.9783783783783784,0.9864864864864865,0.9891891891891892,0.9675675675675676,0.9837837837837838,0.9783783783783784,0.9918918918918919,0.9837837837837838,0.972972972972973,0.972972972972973,0.9837837837837838,0.9837837837837838,0.9837837837837838
StarLightCurves,0.9830014570179699,0.9792374939290918,0.982030111704711,0.9819086935405537,0.9810587663914522,0.9798445847498786,0.9817872753763963,0.9843370568237009,0.9828800388538125,0.9822729480330258,0.9813016027197669,0.9819086935405537,0.9831228751821273,0.9821515298688683,0.9834871296745993,0.9813016027197669,0.9809373482272948,0.9815444390480816,0.9817872753763963,0.9810587663914522,0.982030111704711,0.9825157843613405,0.9826372025254978,0.9822729480330258,0.9825157843613405,0.9814230208839242,0.9825157843613405,0.9788732394366197,0.982030111704711,0.9817872753763963
SwedishLeaf,0.9648,0.9664,0.9584,0.9632,0.9728,0.976,0.9648,0.9648,0.9616,0.9632,0.952,0.976,0.9712,0.9728,0.9536,0.96,0.9664,0.9552,0.9504,0.9584,0.952,0.9616,0.9632,0.968,0.968,0.9648,0.9616,0.9504,0.9536,0.9632
Symbols,0.9728643216080402,0.9809045226130654,0.9829145728643216,0.9678391959798995,0.9748743718592965,0.9708542713567839,0.9457286432160804,0.9718592964824121,0.9809045226130654,0.9618090452261306,0.9718592964824121,0.9758793969849247,0.9768844221105528,0.9457286432160804,0.964824120603015,0.9698492462311558,0.9819095477386934,0.9728643216080402,0.9778894472361809,0.9738693467336683,0.9839195979899498,0.9768844221105528,0.9507537688442211,0.9748743718592965,0.978894472361809,0.9768844221105528,0.9768844221105528,0.9748743718592965,0.9809045226130654,0.9819095477386934
SyntheticControl,1.0,0.9933333333333333,0.9966666666666667,1.0,0.9933333333333333,1.0,1.0,1.0,0.9966666666666667,0.9966666666666667,0.9966666666666667,1.0,1.0,0.9966666666666667,1.0,1.0,0.9966666666666667,0.9966666666666667,1.0,0.9966666666666667,1.0,0.9966666666666667,0.9966666666666667,1.0,1.0,0.9933333333333333,1.0,1.0,1.0,0.9966666666666667
ToeSegmentation1,0.9649122807017544,0.9605263157894737,0.9736842105263158,0.9385964912280702,0.9517543859649122,0.956140350877193,0.9605263157894737,0.9605263157894737,0.9824561403508771,0.9298245614035088,0.9473684210526315,0.9517543859649122,0.956140350877193,0.9517543859649122,0.9342105263157895,0.9692982456140351,0.9473684210526315,0.956140350877193,0.9473684210526315,0.9780701754385965,0.9298245614035088,0.956140350877193,0.9210526315789473,0.9692982456140351,0.9429824561403509,0.9736842105263158,0.9517543859649122,0.956140350877193,0.9692982456140351,0.9473684210526315
ToeSegmentation2,0.9307692307692308,0.9692307692307692,0.9615384615384616,0.9538461538461539,0.9846153846153847,0.9615384615384616,0.9538461538461539,0.9615384615384616,0.9384615384615385,0.9769230769230769,0.9769230769230769,0.9538461538461539,0.9615384615384616,0.9769230769230769,0.9384615384615385,0.9692307692307692,0.9692307692307692,0.9615384615384616,0.9615384615384616,0.9384615384615385,0.9846153846153847,0.9615384615384616,0.9769230769230769,0.8923076923076924,0.9692307692307692,0.9461538461538461,0.9692307692307692,0.9615384615384616,0.9692307692307692,0.9538461538461539
Trace,1.0,1.0,1.0,1.0,1.0,1.0,1.0,1.0,1.0,1.0,1.0,1.0,1.0,1.0,1.0,1.0,1.0,1.0,1.0,1.0,1.0,1.0,1.0,1.0,1.0,1.0,1.0,1.0,1.0,1.0
TwoLeadECG,0.9991220368744512,0.9991220368744512,0.9991220368744512,1.0,0.9991220368744512,0.9991220368744512,0.9982440737489026,0.9991220368744512,0.9964881474978051,1.0,0.9991220368744512,0.9964881474978051,1.0,0.9991220368744512,0.9991220368744512,0.9991220368744512,0.9982440737489026,0.9991220368744512,1.0,0.9964881474978051,0.9991220368744512,0.9991220368744512,0.9991220368744512,0.9991220368744512,0.9991220368744512,0.9991220368744512,0.9991220368744512,0.9991220368744512,0.9982440737489026,0.9991220368744512
TwoPatterns,1.0,1.0,1.0,1.0,1.0,1.0,1.0,1.0,1.0,1.0,1.0,1.0,1.0,1.0,1.0,1.0,1.0,1.0,1.0,1.0,1.0,1.0,1.0,1.0,1.0,1.0,1.0,1.0,1.0,1.0
UWaveGestureLibraryAll,0.9751535455053043,0.9759910664433278,0.9785036292573981,0.9723618090452262,0.9762702400893356,0.974036850921273,0.9787828029034059,0.974036850921273,0.9729201563372417,0.9762702400893356,0.9745951982132887,0.9737576772752652,0.9754327191513121,0.9762702400893356,0.9737576772752652,0.9765494137353434,0.9782244556113903,0.980178671133445,0.9737576772752652,0.9798994974874372,0.9743160245672808,0.97571189279732,0.9798994974874372,0.9718034617532105,0.9745951982132887,0.9754327191513121,0.9793411501954216,0.9712451144611949,0.9751535455053043,0.9751535455053043
UWaveGestureLibraryX,0.8562255723059743,0.8539921831379118,0.8606923506420994,0.8492462311557789,0.8665549972082636,0.8637632607481853,0.852037967615857,0.861250697934115,0.8534338358458962,0.8701842546063652,0.868788386376326,0.8590173087660525,0.862925739810162,0.8721384701284198,0.8517587939698492,0.852037967615857,0.861250697934115,0.8632049134561698,0.8682300390843104,0.8637632607481853,0.8618090452261307,0.8640424343941931,0.8685092127303182,0.8539921831379118,0.8659966499162479,0.8679508654383026,0.8676716917922948,0.8640424343941931,0.871859296482412,0.8562255723059743
UWaveGestureLibraryY,0.7777777777777778,0.7772194304857621,0.7889447236180904,0.7705192629815746,0.7992741485203797,0.803461753210497,0.7814070351758794,0.7897822445561139,0.7897822445561139,0.8006700167504187,0.7867113344500279,0.7992741485203797,0.794249022892239,0.7822445561139029,0.794249022892239,0.7973199329983249,0.792573981016192,0.7903405918481295,0.7989949748743719,0.7864321608040201,0.7853154662199888,0.7908989391401452,0.7791736460078169,0.7769402568397543,0.8098827470686767,0.7747068676716918,0.7864321608040201,0.7895030709101061,0.7861529871580123,0.7945281965382468
UWaveGestureLibraryZ,0.7981574539363484,0.7892238972640983,0.8059743160245673,0.7936906756002233,0.8054159687325516,0.8012283640424344,0.804857621440536,0.803461753210497,0.8015075376884422,0.7928531546621999,0.8068118369625907,0.7950865438302624,0.80178671133445,0.792573981016192,0.8015075376884422,0.8026242322724735,0.803461753210497,0.8121161362367393,0.7950865438302624,0.7908989391401452,0.8118369625907315,0.800390843104411,0.8059743160245673,0.8015075376884422,0.8059743160245673,0.7895030709101061,0.7892238972640983,0.807928531546622,0.8090452261306532,0.8042992741485204
Wafer,1.0,1.0,1.0,1.0,1.0,1.0,1.0,1.0,1.0,1.0,1.0,1.0,1.0,1.0,1.0,1.0,1.0,1.0,1.0,1.0,1.0,1.0,1.0,1.0,1.0,1.0,1.0,1.0,1.0,1.0
Wine,0.8703703703703703,0.9629629629629629,0.9259259259259259,0.8888888888888888,0.8703703703703703,0.9444444444444444,0.9259259259259259,0.9629629629629629,0.8518518518518519,0.9629629629629629,1.0,0.8703703703703703,0.8333333333333334,1.0,1.0,0.9444444444444444,0.9814814814814815,0.9444444444444444,0.9074074074074074,0.9444444444444444,0.9074074074074074,0.8888888888888888,0.9259259259259259,0.9444444444444444,1.0,0.9629629629629629,1.0,0.7777777777777778,0.9259259259259259,0.9259259259259259
WordSynonyms,0.7633228840125392,0.7774294670846394,0.7523510971786834,0.7429467084639498,0.7695924764890282,0.7601880877742947,0.7507836990595611,0.7601880877742947,0.7586206896551724,0.7915360501567398,0.7507836990595611,0.7695924764890282,0.786833855799373,0.7539184952978056,0.7554858934169278,0.7445141065830722,0.7492163009404389,0.7758620689655172,0.780564263322884,0.7695924764890282,0.7664576802507836,0.7758620689655172,0.7570532915360502,0.7648902821316614,0.7523510971786834,0.7695924764890282,0.7617554858934169,0.7821316614420063,0.7711598746081505,0.7617554858934169
Worms,0.7532467532467533,0.7012987012987013,0.7012987012987013,0.7922077922077922,0.7402597402597403,0.7792207792207793,0.7922077922077922,0.8701298701298701,0.7532467532467533,0.7402597402597403,0.8311688311688312,0.7792207792207793,0.7662337662337663,0.7922077922077922,0.7272727272727273,0.7272727272727273,0.7272727272727273,0.7662337662337663,0.8051948051948052,0.7792207792207793,0.8181818181818182,0.7012987012987013,0.6753246753246753,0.8181818181818182,0.6753246753246753,0.7662337662337663,0.6753246753246753,0.6883116883116883,0.8311688311688312,0.8311688311688312
WormsTwoClass,0.8181818181818182,0.8181818181818182,0.8051948051948052,0.8051948051948052,0.8441558441558441,0.7922077922077922,0.8051948051948052,0.8441558441558441,0.7662337662337663,0.7532467532467533,0.8571428571428571,0.8051948051948052,0.7662337662337663,0.8051948051948052,0.8441558441558441,0.7792207792207793,0.8441558441558441,0.7662337662337663,0.9090909090909091,0.7662337662337663,0.8441558441558441,0.7662337662337663,0.8181818181818182,0.8181818181818182,0.8701298701298701,0.8571428571428571,0.8051948051948052,0.8181818181818182,0.8571428571428571,0.8051948051948052
Yoga,0.9286666666666666,0.927,0.927,0.9386666666666666,0.9186666666666666,0.9346666666666666,0.9393333333333334,0.931,0.9253333333333333,0.9446666666666667,0.9396666666666667,0.916,0.9283333333333333,0.9236666666666666,0.9136666666666666,0.9256666666666666,0.9356666666666666,0.9426666666666667,0.94,0.9276666666666666,0.9246666666666666,0.93,0.933,0.9176666666666666,0.94,0.9283333333333333,0.9276666666666666,0.9383333333333334,0.9353333333333333,0.928
ACSF1,0.93,0.8,0.84,0.86,0.9,0.91,0.8,0.85,0.8,0.82,0.85,0.91,0.91,0.8,0.81,0.85,0.84,0.88,0.86,0.76,0.86,0.8,0.84,0.9,0.85,0.83,0.84,0.77,0.8,0.84
BME,1.0,1.0,1.0,1.0,1.0,1.0,1.0,1.0,1.0,1.0,1.0,1.0,1.0,1.0,1.0,1.0,1.0,1.0,1.0,1.0,1.0,1.0,1.0,1.0,1.0,1.0,1.0,1.0,1.0,1.0
EthanolLevel,0.698,0.824,0.852,0.828,0.852,0.852,0.85,0.838,0.836,0.84,0.83,0.852,0.838,0.828,0.828,0.834,0.838,0.838,0.836,0.816,0.804,0.854,0.844,0.874,0.854,0.834,0.846,0.854,0.842,0.822
FreezerRegularTrain,0.9992982456140351,0.9996491228070176,0.9996491228070176,0.9989473684210526,1.0,1.0,0.9989473684210526,0.9996491228070176,0.9996491228070176,1.0,0.9996491228070176,0.9992982456140351,0.9996491228070176,0.9989473684210526,0.9989473684210526,0.9996491228070176,0.9992982456140351,0.9989473684210526,0.9982456140350877,0.9996491228070176,0.9992982456140351,0.9975438596491228,0.9992982456140351,0.9992982456140351,0.9982456140350877,0.9996491228070176,0.9982456140350877,0.9992982456140351,0.9996491228070176,0.9992982456140351
FreezerSmallTrain,0.9894736842105263,0.9989473684210526,0.9978947368421053,0.9947368421052631,0.9950877192982456,0.9989473684210526,0.9985964912280701,0.9926315789473684,0.9992982456140351,0.9992982456140351,0.9975438596491228,0.9936842105263158,0.9982456140350877,0.9898245614035087,0.9982456140350877,0.9954385964912281,0.9771929824561404,0.9989473684210526,0.9992982456140351,0.9898245614035087,0.9943859649122807,0.9985964912280701,0.9968421052631579,0.9992982456140351,0.9996491228070176,0.9978947368421053,0.9936842105263158,0.996140350877193,0.9996491228070176,0.964561403508772
GunPointAgeSpan,0.9968354430379747,0.9810126582278481,0.9968354430379747,0.9936708860759493,0.9936708860759493,0.9873417721518988,0.9968354430379747,0.9968354430379747,0.9968354430379747,0.9968354430379747,0.9968354430379747,0.9936708860759493,1.0,0.9968354430379747,1.0,0.9968354430379747,1.0,0.9968354430379747,0.9968354430379747,0.9968354430379747,0.9968354430379747,1.0,0.9968354430379747,0.990506329113924,1.0,1.0,0.9968354430379747,0.9968354430379747,1.0,1.0
GunPointMaleVersusFemale,1.0,1.0,1.0,1.0,1.0,1.0,1.0,1.0,1.0,1.0,1.0,1.0,1.0,1.0,1.0,1.0,1.0,1.0,1.0,1.0,1.0,1.0,1.0,1.0,1.0,1.0,1.0,0.9968354430379747,1.0,1.0
GunPointOldVersusYoung,1.0,1.0,1.0,1.0,1.0,1.0,1.0,1.0,1.0,1.0,1.0,1.0,1.0,1.0,1.0,1.0,1.0,0.9968253968253968,1.0,1.0,1.0,1.0,1.0,1.0,1.0,1.0,1.0,1.0,1.0,1.0
InsectEPGRegularTrain,1.0,1.0,1.0,1.0,1.0,1.0,1.0,1.0,1.0,1.0,1.0,1.0,1.0,1.0,1.0,1.0,1.0,1.0,1.0,1.0,1.0,1.0,1.0,1.0,1.0,1.0,1.0,1.0,1.0,1.0
InsectEPGSmallTrain,1.0,1.0,1.0,1.0,1.0,1.0,1.0,1.0,1.0,1.0,0.9919678714859438,1.0,1.0,1.0,1.0,1.0,1.0,1.0,1.0,1.0,1.0,1.0,1.0,1.0,1.0,1.0,0.9879518072289156,1.0,1.0,1.0
PigAirwayPressure,0.9519230769230769,0.9182692307692307,0.9567307692307693,0.9278846153846154,0.9423076923076923,0.9567307692307693,0.9615384615384616,0.9423076923076923,0.9519230769230769,0.8798076923076923,0.9134615384615384,0.9423076923076923,0.9423076923076923,0.9759615384615384,0.9471153846153846,0.9423076923076923,0.9567307692307693,0.9663461538461539,0.9423076923076923,0.9086538461538461,0.9759615384615384,0.9663461538461539,0.9278846153846154,0.9326923076923077,0.9326923076923077,0.9519230769230769,0.9423076923076923,0.9567307692307693,0.9519230769230769,0.9230769230769231
PigArtPressure,1.0,0.9855769230769231,0.9663461538461539,0.9615384615384616,0.9807692307692307,1.0,0.9663461538461539,0.9807692307692307,0.9663461538461539,0.9759615384615384,0.9759615384615384,0.9711538461538461,0.9615384615384616,0.9903846153846154,0.9663461538461539,0.9855769230769231,0.9807692307692307,0.9807692307692307,0.9759615384615384,0.9807692307692307,0.9711538461538461,0.9759615384615384,0.9663461538461539,0.9711538461538461,0.9807692307692307,0.9807692307692307,0.9855769230769231,1.0,0.9951923076923077,1.0
PigCVP,0.9567307692307693,0.9278846153846154,0.9134615384615384,0.9423076923076923,0.9567307692307693,0.9471153846153846,0.9423076923076923,0.9567307692307693,0.9423076923076923,0.9326923076923077,0.9375,0.9375,0.9326923076923077,0.9326923076923077,0.9471153846153846,0.9230769230769231,0.9278846153846154,0.9711538461538461,0.9326923076923077,0.9182692307692307,0.9278846153846154,0.9615384615384616,0.9567307692307693,0.9423076923076923,0.9230769230769231,0.8894230769230769,0.9230769230769231,0.9278846153846154,0.9423076923076923,0.9423076923076923
PowerCons,0.9833333333333333,0.9666666666666667,0.9666666666666667,0.9611111111111111,0.9722222222222222,0.9666666666666667,0.9722222222222222,1.0,0.9833333333333333,0.95,0.9722222222222222,0.9722222222222222,0.9611111111111111,0.9722222222222222,0.9555555555555556,0.9888888888888889,0.9666666666666667,0.95,0.9777777777777777,0.9944444444444445,0.9666666666666667,0.9666666666666667,0.9777777777777777,0.9722222222222222,0.9666666666666667,0.9666666666666667,0.9722222222222222,0.9888888888888889,0.9666666666666667,0.9722222222222222
SmoothSubspace,0.9866666666666667,0.9733333333333334,0.98,0.9866666666666667,0.9866666666666667,0.9733333333333334,0.9866666666666667,0.9733333333333334,0.98,0.98,0.9933333333333333,0.9866666666666667,0.9733333333333334,0.9866666666666667,0.9866666666666667,0.9866666666666667,0.9866666666666667,0.98,0.98,0.9933333333333333,0.9733333333333334,0.9866666666666667,0.9733333333333334,0.94,0.9933333333333333,0.98,0.9866666666666667,0.9866666666666667,0.98,0.98
UMD,0.9930555555555556,0.9861111111111112,0.9930555555555556,0.9930555555555556,0.9930555555555556,0.9861111111111112,0.9722222222222222,0.9930555555555556,0.9583333333333334,0.9930555555555556,0.9930555555555556,0.9930555555555556,0.9930555555555556,0.9930555555555556,0.9583333333333334,1.0,0.9930555555555556,0.9930555555555556,0.9930555555555556,0.9930555555555556,0.9930555555555556,0.9930555555555556,0.9930555555555556,1.0,0.9930555555555556,1.0,0.9652777777777778,0.9861111111111112,0.9583333333333334,0.9861111111111112
HouseTwenty,0.9663865546218487,0.9915966386554622,0.9831932773109243,1.0,0.9831932773109243,0.9747899159663865,0.9915966386554622,0.9831932773109243,0.9915966386554622,0.9831932773109243,0.9831932773109243,0.9831932773109243,0.9915966386554622,0.9915966386554622,1.0,0.9831932773109243,0.9915966386554622,0.9747899159663865,0.9915966386554622,1.0,0.9747899159663865,0.9915966386554622,0.9831932773109243,0.9915966386554622,0.9831932773109243,0.9915966386554622,1.0,0.9831932773109243,1.0,0.9915966386554622
SemgHandGenderCh2,0.9666666666666667,0.97,0.9716666666666667,0.97,0.9716666666666667,0.9733333333333334,0.9783333333333334,0.9733333333333334,0.9783333333333334,0.9866666666666667,0.965,0.98,0.975,0.9783333333333334,0.98,0.9733333333333334,0.97,0.9716666666666667,0.975,0.9733333333333334,0.9616666666666667,0.9716666666666667,0.97,0.975,0.975,0.9783333333333334,0.97,0.9583333333333334,0.97,0.975
SemgHandMovementCh2,0.8622222222222222,0.9044444444444445,0.9066666666666666,0.9133333333333333,0.9088888888888889,0.88,0.8955555555555555,0.9044444444444445,0.9044444444444445,0.9088888888888889,0.8866666666666667,0.9066666666666666,0.9,0.8822222222222222,0.8711111111111111,0.9133333333333333,0.8977777777777778,0.8977777777777778,0.8955555555555555,0.8888888888888888,0.8733333333333333,0.9022222222222223,0.8866666666666667,0.9088888888888889,0.9111111111111111,0.9,0.8933333333333333,0.8866666666666667,0.9177777777777778,0.8977777777777778
SemgHandSubjectCh2,0.9311111111111111,0.9511111111111111,0.96,0.9644444444444444,0.9355555555555556,0.9622222222222222,0.9666666666666667,0.96,0.9822222222222222,0.9666666666666667,0.9644444444444444,0.9644444444444444,0.96,0.9222222222222223,0.9488888888888889,0.9622222222222222,0.9288888888888889,0.9377777777777778,0.9444444444444444,0.9733333333333334,0.9577777777777777,0.94,0.9666666666666667,0.9533333333333334,0.9555555555555556,0.9466666666666667,0.9488888888888889,0.9444444444444444,0.94,0.9422222222222222
MixedShapesRegularTrain,0.9764948453608248,0.9752577319587629,0.9731958762886598,0.9698969072164948,0.9723711340206186,0.9727835051546392,0.9674226804123711,0.9715463917525773,0.9748453608247423,0.9711340206185567,0.9764948453608248,0.9641237113402061,0.9777319587628865,0.9744329896907217,0.9769072164948454,0.9756701030927835,0.971958762886598,0.9760824742268042,0.9752577319587629,0.9690721649484536,0.9756701030927835,0.9789690721649484,0.9711340206185567,0.971958762886598,0.9682474226804124,0.9760824742268042,0.9781443298969072,0.979381443298969,0.9785567010309278,0.9769072164948454
MixedShapesSmallTrain,0.9583505154639175,0.9410309278350516,0.9525773195876288,0.9707216494845361,0.9488659793814433,0.9649484536082474,0.9583505154639175,0.9628865979381444,0.9583505154639175,0.9521649484536082,0.9463917525773196,0.9624742268041238,0.9521649484536082,0.9451546391752578,0.928659793814433,0.9167010309278351,0.9463917525773196,0.9496907216494845,0.9344329896907216,0.9645360824742268,0.9637113402061855,0.9665979381443299,0.9534020618556701,0.9484536082474226,0.9534020618556701,0.9451546391752578,0.965360824742268,0.9402061855670103,0.9645360824742268,0.9571134020618557
EOGHorizontalSignal,0.649171270718232,0.8038674033149171,0.8038674033149171,0.8314917127071824,0.8342541436464088,0.8093922651933702,0.8204419889502762,0.7734806629834254,0.8204419889502762,0.861878453038674,0.8204419889502762,0.8425414364640884,0.8287292817679558,0.8149171270718232,0.8314917127071824,0.850828729281768,0.8149171270718232,0.8066298342541437,0.8232044198895028,0.8370165745856354,0.8314917127071824,0.8259668508287292,0.8093922651933702,0.8149171270718232,0.8232044198895028,0.8093922651933702,0.8066298342541437,0.8259668508287292,0.8093922651933702,0.8121546961325967
EOGVerticalSignal,0.5607734806629834,0.7845303867403315,0.8038674033149171,0.7817679558011049,0.8121546961325967,0.8038674033149171,0.8066298342541437,0.7762430939226519,0.787292817679558,0.7928176795580111,0.8038674033149171,0.8176795580110497,0.7983425414364641,0.8066298342541437,0.787292817679558,0.7817679558011049,0.7734806629834254,0.7900552486187845,0.7790055248618785,0.7900552486187845,0.7707182320441989,0.8176795580110497,0.787292817679558,0.787292817679558,0.8176795580110497,0.8011049723756906,0.7900552486187845,0.8038674033149171,0.7817679558011049,0.7928176795580111
Rock,0.9,0.94,0.84,0.82,0.86,0.94,0.88,0.92,0.92,0.92,0.88,0.8,0.94,0.88,0.94,0.88,0.96,0.84,0.88,0.94,0.84,0.92,0.92,0.9,0.9,0.94,0.86,0.94,0.84,0.9
Crop,0.7594642857142857,0.7577380952380952,0.7617857142857143,0.7563095238095238,0.7625,0.755,0.7597619047619047,0.7604761904761905,0.7571428571428571,0.7608928571428571,0.7563690476190477,0.7591666666666667,0.7647619047619048,0.7627380952380952,0.7589880952380952,0.7597619047619047,0.7641071428571429,0.75875,0.7598214285714285,0.7657738095238096,0.7575595238095238,0.7604761904761905,0.7599404761904762,0.7583928571428571,0.7616071428571428,0.7664880952380952,0.7605357142857143,0.7567261904761905,0.7585714285714286,0.7620238095238095
Chinatown,0.9825072886297376,0.967930029154519,0.9854227405247813,0.9650145772594753,0.9620991253644315,0.9620991253644315,0.967930029154519,0.9795918367346939,0.9795918367346939,0.9620991253644315,0.9795918367346939,0.9620991253644315,0.9737609329446064,0.9737609329446064,0.967930029154519,0.9650145772594753,0.967930029154519,0.967930029154519,0.9708454810495627,0.967930029154519,0.967930029154519,0.9708454810495627,0.967930029154519,0.9650145772594753,0.967930029154519,0.9708454810495627,0.9766763848396501,0.9650145772594753,0.9708454810495627,0.967930029154519
AconityMINIPrinterLargeEq,0.956081081081081,0.9510135135135135,0.9552364864864865,0.9484797297297297,0.9569256756756757,0.9535472972972973,0.9518581081081081,0.950168918918919,0.9577702702702703,0.9569256756756757,0.9543918918918919,0.9518581081081081,0.9586148648648649,0.9425675675675675,0.9577702702702703,0.9594594594594594,0.956081081081081,0.941722972972973,0.9569256756756757,0.9594594594594594,0.964527027027027,0.9518581081081081,0.9552364864864865,0.9467905405405406,0.956081081081081,0.9543918918918919,0.9653716216216216,0.9569256756756757,0.9459459459459459,0.9662162162162162
AconityMINIPrinterSmallEq,0.9794520547945206,0.976027397260274,0.9794520547945206,0.9828767123287672,0.9794520547945206,0.9794520547945206,0.9897260273972602,0.9828767123287672,0.9726027397260274,0.9828767123287672,0.9863013698630136,0.9726027397260274,0.9623287671232876,0.9726027397260274,0.976027397260274,0.9828767123287672,0.9794520547945206,0.976027397260274,0.9726027397260274,0.9897260273972602,0.976027397260274,0.9863013698630136,0.9657534246575342,0.9691780821917808,0.976027397260274,0.9657534246575342,0.9794520547945206,0.9828767123287672,0.9863013698630136,0.976027397260274
AllGestureWiimoteXEq,0.7428571428571429,0.7342857142857143,0.7357142857142858,0.7357142857142858,0.7414285714285714,0.73,0.7357142857142858,0.7514285714285714,0.7185714285714285,0.72,0.73,0.7357142857142858,0.7214285714285714,0.7185714285714285,0.7357142857142858,0.73,0.7528571428571429,0.7228571428571429,0.7528571428571429,0.7071428571428572,0.7557142857142857,0.7328571428571429,0.7228571428571429,0.76,0.74,0.7542857142857143,0.7285714285714285,0.7671428571428571,0.7542857142857143,0.7242857142857143
AllGestureWiimoteYEq,0.7514285714285714,0.7814285714285715,0.78,0.7985714285714286,0.7814285714285715,0.7642857142857142,0.78,0.7742857142857142,0.79,0.78,0.7842857142857143,0.7814285714285715,0.7485714285714286,0.7757142857142857,0.8028571428571428,0.81,0.7471428571428571,0.7571428571428571,0.7828571428571428,0.7942857142857143,0.7842857142857143,0.7628571428571429,0.7871428571428571,0.7871428571428571,0.7714285714285715,0.78,0.7771428571428571,0.78,0.7985714285714286,0.7857142857142857
AllGestureWiimoteZEq,0.7514285714285714,0.7157142857142857,0.7314285714285714,0.7357142857142858,0.7042857142857143,0.7414285714285714,0.7271428571428571,0.7242857142857143,0.7128571428571429,0.7185714285714285,0.7042857142857143,0.7057142857142857,0.7271428571428571,0.7,0.7328571428571429,0.6828571428571428,0.7528571428571429,0.7428571428571429,0.7228571428571429,0.7185714285714285,0.7514285714285714,0.7357142857142858,0.7314285714285714,0.7514285714285714,0.7328571428571429,0.7214285714285714,0.74,0.7142857142857143,0.7557142857142857,0.7214285714285714
AsphaltObstaclesUniEq,0.8925831202046036,0.8951406649616368,0.8925831202046036,0.8644501278772379,0.8746803069053708,0.9002557544757033,0.887468030690537,0.9002557544757033,0.8772378516624041,0.8976982097186701,0.8849104859335039,0.9002557544757033,0.8695652173913043,0.8721227621483376,0.8900255754475703,0.8670076726342711,0.9002557544757033,0.9028132992327366,0.8900255754475703,0.8772378516624041,0.8925831202046036,0.8823529411764706,0.8976982097186701,0.9028132992327366,0.9002557544757033,0.8976982097186701,0.8746803069053708,0.8772378516624041,0.9002557544757033,0.887468030690537
AsphaltPavementTypeUniEq,0.9043560606060606,0.8854166666666666,0.9043560606060606,0.8873106060606061,0.8816287878787878,0.9071969696969697,0.8910984848484849,0.9071969696969697,0.8939393939393939,0.9005681818181818,0.8986742424242424,0.9024621212121212,0.896780303030303,0.8948863636363636,0.8958333333333334,0.8939393939393939,0.8986742424242424,0.8948863636363636,0.8986742424242424,0.8948863636363636,0.8939393939393939,0.896780303030303,0.9015151515151515,0.8977272727272727,0.8996212121212122,0.8806818181818182,0.8816287878787878,0.9024621212121212,0.8797348484848485,0.9034090909090909
AsphaltRegularityUniEq,0.9840213049267643,0.9786950732356857,0.9693741677762983,0.9840213049267643,0.9786950732356857,0.9826897470039947,0.9826897470039947,0.9800266311584553,0.9786950732356857,0.9840213049267643,0.9720372836218375,0.9747003994673769,0.9760319573901465,0.9853528628495339,0.9773635153129161,0.9747003994673769,0.9760319573901465,0.9826897470039947,0.9826897470039947,0.9826897470039947,0.9733688415446072,0.9733688415446072,0.966711051930759,0.9786950732356857,0.9747003994673769,0.9786950732356857,0.9866844207723036,0.9853528628495339,0.9800266311584553,0.9840213049267643
Colposcopy,0.42574257425742573,0.38613861386138615,0.37623762376237624,0.40594059405940597,0.40594059405940597,0.42574257425742573,0.38613861386138615,0.40594059405940597,0.39603960396039606,0.36633663366336633,0.42574257425742573,0.38613861386138615,0.43564356435643564,0.42574257425742573,0.3564356435643564,0.39603960396039606,0.4158415841584158,0.37623762376237624,0.38613861386138615,0.38613861386138615,0.38613861386138615,0.37623762376237624,0.4158415841584158,0.43564356435643564,0.38613861386138615,0.38613861386138615,0.39603960396039606,0.36633663366336633,0.39603960396039606,0.37623762376237624
Covid3MonthDiscrete,1.0,0.8428571428571429,0.8142857142857143,0.8142857142857143,0.8428571428571429,0.8142857142857143,0.8285714285714286,0.8142857142857143,0.8,0.8,0.7571428571428571,0.8428571428571429,0.8285714285714286,0.7714285714285715,0.7714285714285715,0.8,0.7857142857142857,0.8142857142857143,0.8142857142857143,0.8,0.8714285714285714,0.8,0.8,0.7714285714285715,0.8142857142857143,0.8285714285714286,0.8285714285714286,0.7285714285714285,0.8285714285714286,0.8142857142857143
DodgerLoopDayNmv,0.5714285714285714,0.5324675324675324,0.6233766233766234,0.5844155844155844,0.5844155844155844,0.5584415584415584,0.5844155844155844,0.6103896103896104,0.5974025974025974,0.5194805194805194,0.6883116883116883,0.5454545454545454,0.5064935064935064,0.6103896103896104,0.6363636363636364,0.5324675324675324,0.5844155844155844,0.6363636363636364,0.6103896103896104,0.7012987012987013,0.5714285714285714,0.5844155844155844,0.5974025974025974,0.5844155844155844,0.6103896103896104,0.6103896103896104,0.5974025974025974,0.6233766233766234,0.6233766233766234,0.6363636363636364
DodgerLoopGameNmv,0.8976377952755905,0.8503937007874016,0.8188976377952756,0.8661417322834646,0.7874015748031497,0.889763779527559,0.8661417322834646,0.8503937007874016,0.84251968503937,0.8976377952755905,0.8267716535433071,0.9448818897637795,0.8503937007874016,0.7244094488188977,0.7716535433070866,0.889763779527559,0.8661417322834646,0.84251968503937,0.8740157480314961,0.8267716535433071,0.7716535433070866,0.8110236220472441,0.8346456692913385,0.8031496062992126,0.7401574803149606,0.889763779527559,0.8582677165354331,0.8267716535433071,0.8582677165354331,0.9212598425196851
DodgerLoopWeekendNmv,0.9841269841269841,0.9761904761904762,0.9841269841269841,0.9841269841269841,0.9761904761904762,0.9920634920634921,0.9761904761904762,0.9761904761904762,0.9841269841269841,0.9841269841269841,0.9841269841269841,1.0,0.9841269841269841,0.9841269841269841,0.9841269841269841,0.9920634920634921,0.9841269841269841,0.9841269841269841,0.9841269841269841,0.9841269841269841,0.9841269841269841,0.9920634920634921,0.9761904761904762,0.9841269841269841,0.9841269841269841,0.9841269841269841,0.9761904761904762,0.9761904761904762,0.9841269841269841,0.9841269841269841
ElectricDeviceDetection,0.8633227176220807,0.8930467091295117,0.8898619957537155,0.8903927813163482,0.8848195329087049,0.8901273885350318,0.8999469214437368,0.8914543524416136,0.8914543524416136,0.8980891719745223,0.8906581740976646,0.8819002123142251,0.8893312101910829,0.8927813163481954,0.8890658174097664,0.8903927813163482,0.8856157112526539,0.8946390658174098,0.8824309978768577,0.8882696390658175,0.8906581740976646,0.8972929936305732,0.8888004246284501,0.8888004246284501,0.8885350318471338,0.8872080679405521,0.8935774946921444,0.8858811040339702,0.8773885350318471,0.8824309978768577
FloodModeling1Discrete,1.0,0.9278131634819533,0.9278131634819533,0.9235668789808917,0.9320594479830149,0.9235668789808917,0.9150743099787686,0.940552016985138,0.940552016985138,0.8980891719745223,0.9447983014861996,0.9617834394904459,0.9617834394904459,0.9193205944798302,0.9235668789808917,0.8980891719745223,0.9235668789808917,0.8980891719745223,0.9193205944798302,0.9278131634819533,0.9193205944798302,0.9065817409766455,0.8980891719745223,0.9065817409766455,0.9320594479830149,0.940552016985138,0.9363057324840764,0.9490445859872612,0.9320594479830149,0.910828025477707
FloodModeling2Discrete,0.9506437768240343,0.9484978540772532,0.9699570815450643,0.9570815450643777,0.9527896995708155,0.9527896995708155,0.9635193133047211,0.9656652360515021,0.9656652360515021,0.9613733905579399,0.9592274678111588,0.9484978540772532,0.9527896995708155,0.9592274678111588,0.9613733905579399,0.9742489270386266,0.9484978540772532,0.9613733905579399,0.9570815450643777,0.9527896995708155,0.9613733905579399,0.9635193133047211,0.9699570815450643,0.9635193133047211,0.9635193133047211,0.9699570815450643,0.9570815450643777,0.9635193133047211,0.9570815450643777,0.9484978540772532
FloodModeling3Discrete,1.0,0.9254079254079254,0.9347319347319347,0.9020979020979021,0.916083916083916,0.9440559440559441,0.916083916083916,0.9347319347319347,0.9347319347319347,0.916083916083916,0.9207459207459208,0.9254079254079254,0.8927738927738927,0.9393939393939394,0.9300699300699301,0.9020979020979021,0.9254079254079254,0.9067599067599068,0.9533799533799534,0.9207459207459208,0.9020979020979021,0.9300699300699301,0.9487179487179487,0.9300699300699301,0.9300699300699301,0.9254079254079254,0.916083916083916,0.9347319347319347,0.9300699300699301,0.9207459207459208
GestureMidAirD1Eq,0.8,0.7153846153846154,0.7846153846153846,0.8538461538461538,0.7692307692307693,0.8153846153846154,0.7461538461538462,0.8538461538461538,0.7846153846153846,0.7307692307692307,0.7538461538461538,0.7153846153846154,0.7615384615384615,0.8307692307692308,0.7538461538461538,0.7538461538461538,0.8307692307692308,0.7538461538461538,0.7769230769230769,0.7538461538461538,0.8076923076923077,0.8,0.823076923076923,0.7692307692307693,0.7769230769230769,0.7769230769230769,0.7846153846153846,0.7538461538461538,0.7153846153846154,0.7846153846153846
GestureMidAirD2Eq,0.7230769230769231,0.6538461538461539,0.6846153846153846,0.6538461538461539,0.6461538461538462,0.6307692307692307,0.6692307692307692,0.6307692307692307,0.6461538461538462,0.6,0.6846153846153846,0.6615384615384615,0.6076923076923076,0.6538461538461539,0.6307692307692307,0.6384615384615384,0.6230769230769231,0.7076923076923077,0.6615384615384615,0.6538461538461539,0.6692307692307692,0.6384615384615384,0.5923076923076923,0.7461538461538462,0.7076923076923077,0.6538461538461539,0.6615384615384615,0.6076923076923076,0.6153846153846154,0.6384615384615384
GestureMidAirD3Eq,0.5769230769230769,0.5846153846153846,0.5230769230769231,0.5153846153846153,0.5384615384615384,0.6461538461538462,0.5692307692307692,0.5846153846153846,0.5692307692307692,0.45384615384615384,0.5384615384615384,0.5230769230769231,0.5307692307692308,0.5538461538461539,0.5846153846153846,0.4846153846153846,0.49230769230769234,0.5307692307692308,0.5846153846153846,0.5,0.5461538461538461,0.5461538461538461,0.5538461538461539,0.5769230769230769,0.5230769230769231,0.5769230769230769,0.5615384615384615,0.46153846153846156,0.49230769230769234,0.5
GesturePebbleZ1Eq,0.8953488372093024,0.9476744186046512,0.9534883720930233,0.9709302325581395,0.9534883720930233,0.9593023255813954,0.9593023255813954,0.9651162790697675,0.9767441860465116,0.9651162790697675,0.9709302325581395,0.9651162790697675,0.9244186046511628,0.9418604651162791,0.9593023255813954,0.9534883720930233,0.9593023255813954,0.9767441860465116,0.9883720930232558,0.9534883720930233,0.9244186046511628,0.9825581395348837,0.936046511627907,0.9418604651162791,0.9825581395348837,0.9651162790697675,0.936046511627907,0.9534883720930233,0.9709302325581395,0.9767441860465116
GesturePebbleZ2Eq,0.9113924050632911,0.9620253164556962,0.9746835443037974,0.9810126582278481,0.9873417721518988,0.9620253164556962,0.9810126582278481,0.9430379746835443,0.9556962025316456,0.9810126582278481,0.9620253164556962,0.9620253164556962,0.9683544303797469,0.9810126582278481,0.9873417721518988,0.9556962025316456,0.9810126582278481,0.9367088607594937,0.9683544303797469,0.9746835443037974,0.9873417721518988,0.9873417721518988,0.9620253164556962,0.9683544303797469,0.9556962025316456,0.9620253164556962,0.9683544303797469,0.9936708860759493,0.9556962025316456,0.9683544303797469
KeplerLightCurves,0.9699248120300752,0.9724310776942355,0.9724310776942355,0.9649122807017544,0.9598997493734336,0.9724310776942355,0.9724310776942355,0.9573934837092731,0.9649122807017544,0.9598997493734336,0.9548872180451128,0.9649122807017544,0.9724310776942355,0.9598997493734336,0.9674185463659147,0.9649122807017544,0.9624060150375939,0.9573934837092731,0.9699248120300752,0.9699248120300752,0.9724310776942355,0.9598997493734336,0.9624060150375939,0.9674185463659147,0.9573934837092731,0.9649122807017544,0.9724310776942355,0.9649122807017544,0.9699248120300752,0.9598997493734336
MelbournePedestrianNmv,0.9460974557999138,0.9379042690815006,0.9460974557999138,0.9460974557999138,0.9297110823630875,0.9344545062526951,0.9314359637774903,0.9439413540319103,0.9379042690815006,0.9301423027166882,0.9370418283742993,0.9396291504959035,0.9322984044846917,0.9288486416558862,0.9348857266062958,0.9361793876670979,0.9404915912031048,0.9396291504959035,0.9448037947391117,0.9417852522639069,0.9465286761535144,0.9314359637774903,0.9357481673134972,0.9400603708495041,0.931867184131091,0.9404915912031048,0.9409228115567054,0.9379042690815006,0.9409228115567054,0.9357481673134972
PhoneHeartbeatSound,0.6813186813186813,0.6648351648351648,0.6263736263736264,0.6648351648351648,0.6153846153846154,0.6208791208791209,0.6318681318681318,0.6373626373626373,0.6868131868131868,0.6373626373626373,0.6208791208791209,0.6483516483516484,0.6703296703296703,0.5989010989010989,0.6593406593406593,0.6483516483516484,0.6318681318681318,0.6538461538461539,0.6428571428571429,0.6483516483516484,0.6483516483516484,0.6538461538461539,0.6593406593406593,0.6483516483516484,0.6318681318681318,0.6263736263736264,0.6758241758241759,0.5879120879120879,0.6813186813186813,0.6538461538461539
PickupGestureWiimoteZEq,0.84,0.8,0.76,0.8,0.76,0.74,0.7,0.76,0.74,0.8,0.82,0.7,0.8,0.76,0.64,0.72,0.82,0.7,0.8,0.82,0.78,0.8,0.76,0.8,0.78,0.8,0.72,0.78,0.76,0.76
PLAIDEq,0.8901303538175046,0.88268156424581,0.8789571694599627,0.8994413407821229,0.8845437616387337,0.88268156424581,0.9050279329608939,0.8957169459962756,0.9068901303538175,0.8845437616387337,0.8864059590316573,0.8975791433891993,0.888268156424581,0.8621973929236499,0.8770949720670391,0.8733705772811918,0.88268156424581,0.88268156424581,0.8901303538175046,0.8603351955307262,0.8938547486033519,0.8789571694599627,0.8994413407821229,0.8845437616387337,0.9050279329608939,0.9106145251396648,0.8919925512104283,0.8752327746741154,0.8994413407821229,0.8770949720670391
ShakeGestureWiimoteZEq,0.92,0.94,0.96,0.92,0.98,0.94,0.92,0.96,0.92,0.92,0.98,0.92,0.98,0.98,0.96,0.92,0.94,0.98,0.92,0.92,0.94,1.0,0.86,0.98,0.94,0.92,0.9,0.98,0.92,0.98
SharePriceIncrease,0.6946169772256728,0.6863354037267081,0.6811594202898551,0.6863354037267081,0.6894409937888198,0.6832298136645962,0.6873706004140787,0.6904761904761905,0.6904761904761905,0.6935817805383023,0.6884057971014492,0.6894409937888198,0.6770186335403726,0.6884057971014492,0.6749482401656315,0.6842650103519669,0.6842650103519669,0.6956521739130435,0.6873706004140787,0.6873706004140787,0.6925465838509317,0.6832298136645962,0.6894409937888198,0.6832298136645962,0.6832298136645962,0.6873706004140787,0.6904761904761905,0.6853002070393375,0.6884057971014492,0.6853002070393375
Tools,0.8507462686567164,0.9328358208955224,0.8731343283582089,0.9104477611940298,0.9029850746268657,0.8805970149253731,0.8955223880597015,0.9029850746268657,0.8880597014925373,0.8880597014925373,0.8880597014925373,0.8656716417910447,0.9253731343283582,0.8805970149253731,0.8731343283582089,0.8432835820895522,0.8731343283582089,0.8582089552238806,0.8955223880597015,0.8731343283582089,0.9029850746268657,0.8880597014925373,0.9253731343283582,0.8955223880597015,0.8656716417910447,0.9029850746268657,0.8283582089552238,0.8955223880597015,0.8955223880597015,0.8731343283582089
